ID,Estacion,Bus,Altitud,Longitud
1,Naranjal,Expreso2,-7183,-79031
2,Izaguirre,Expreso6,-9965,-76471
3,Izaguirre,Expreso4,-9989,-71660
4,Naranjal,SX,-7042,-76768
5,Izaguirre,Expreso6,-6940,-72575
6,Izaguirre,D,-8170,-77161
7,Naranjal,SX,-7875,-74639
8,Izaguirre,D,-5129,-75670
9,Naranjal,D,-8907,-76960
10,Naranjal,Expreso4,-5206,-79131
11,Naranjal,Expreso3,-7226,-78728
12,Naranjal,Expreso3,-7322,-78500
13,Izaguirre,A,-9565,-73231
14,Naranjal,Expreso3,-9224,-76011
15,Naranjal,B,-6003,-75336
16,Naranjal,Expreso4,-5680,-75942
17,Naranjal,B,-5300,-73357
18,Naranjal,Expreso2,-9695,-73850
19,Naranjal,SXN,-5533,-71746
20,Izaguirre,D,-5368,-74361
21,Izaguirre,D,-8108,-77390
22,Izaguirre,B,-9637,-79463
23,Izaguirre,Expreso8,-5220,-73247
24,Naranjal,SXN,-6215,-78059
25,Izaguirre,Expreso4,-9769,-78860
26,Naranjal,Expreso2,-8760,-78545
27,Izaguirre,Expreso4,-8937,-72185
28,Naranjal,Expreso4,-7426,-79377
29,Naranjal,D,-6691,-73712
30,Naranjal,A,-7929,-70574
31,Naranjal,B,-6130,-70672
32,Naranjal,B,-8565,-70421
33,Naranjal,SXN,-6189,-74988
34,Izaguirre,Expreso4,-5600,-71883
35,Izaguirre,Expreso6,-9136,-73278
36,Izaguirre,Expreso4,-9370,-70141
37,Naranjal,SX,-7227,-79518
38,Izaguirre,B,-8711,-79738
39,Naranjal,Expreso5,-7099,-70859
40,Izaguirre,A,-7937,-75818
41,Naranjal,Expreso2,-7772,-70348
42,Izaguirre,Expreso6,-5308,-76688
43,Izaguirre,Expreso4,-8446,-71525
44,Izaguirre,Expreso6,-9886,-73644
45,Izaguirre,Expreso8,-5875,-76856
46,Izaguirre,D,-7347,-71613
47,Izaguirre,Expreso8,-9407,-78490
48,Izaguirre,Expreso6,-8076,-76820
49,Izaguirre,A,-6997,-72989
50,Izaguirre,Expreso8,-5779,-76632
51,Naranjal,Expreso3,-6388,-74682
52,Naranjal,Expreso3,-5631,-77337
53,Izaguirre,B,-6107,-78944
54,Izaguirre,D,-5001,-72499
55,Izaguirre,Expreso8,-9473,-74935
56,Naranjal,Expreso5,-7578,-76411
57,Naranjal,B,-8038,-78255
58,Naranjal,SXN,-6127,-77803
59,Naranjal,Expreso2,-6525,-72515
60,Izaguirre,D,-5572,-77661
61,Izaguirre,Expreso6,-8006,-71810
62,Naranjal,Expreso4,-8259,-70082
63,Izaguirre,Expreso6,-8625,-74064
64,Naranjal,SXN,-7504,-77225
65,Izaguirre,A,-8580,-72115
66,Izaguirre,Expreso4,-9951,-71007
67,Izaguirre,Expreso8,-8953,-70887
68,Naranjal,Expreso4,-7489,-71135
69,Izaguirre,Expreso6,-5632,-70054
70,Izaguirre,Expreso4,-8106,-74413
71,Naranjal,A,-6979,-72407
72,Naranjal,B,-7738,-74795
73,Izaguirre,Expreso6,-8772,-76319
74,Naranjal,Expreso2,-6759,-79386
75,Izaguirre,Expreso8,-8288,-76099
76,Naranjal,SX,-6845,-73886
77,Izaguirre,Expreso4,-9350,-78171
78,Izaguirre,A,-6721,-75051
79,Izaguirre,Expreso8,-7084,-71875
80,Izaguirre,Expreso6,-6935,-71641
81,Naranjal,A,-7601,-75779
82,Izaguirre,A,-7074,-71337
83,Naranjal,Expreso4,-6363,-78130
84,Izaguirre,Expreso6,-9865,-77698
85,Izaguirre,B,-9377,-79021
86,Naranjal,SX,-6884,-74666
87,Izaguirre,Expreso8,-5094,-79250
88,Naranjal,D,-6971,-76461
89,Naranjal,SX,-5261,-78295
90,Izaguirre,B,-8507,-73610
91,Naranjal,SXN,-5202,-76922
92,Izaguirre,Expreso4,-7971,-75796
93,Izaguirre,A,-7963,-70553
94,Naranjal,Expreso2,-5431,-74870
95,Izaguirre,D,-6905,-74531
96,Naranjal,B,-9604,-75087
97,Naranjal,SX,-8020,-79294
98,Naranjal,B,-6811,-79023
99,Naranjal,SX,-7883,-79089
100,Naranjal,Expreso3,-5155,-73503
101,Izaguirre,Expreso6,-9827,-78777
102,Naranjal,Expreso4,-9126,-74724
103,Naranjal,Expreso2,-5123,-74792
104,Izaguirre,B,-6505,-71883
105,Naranjal,B,-5521,-77494
106,Izaguirre,D,-5696,-72855
107,Izaguirre,Expreso4,-7278,-74719
108,Izaguirre,A,-5815,-77791
109,Naranjal,SX,-5487,-74809
110,Naranjal,B,-5881,-70495
111,Naranjal,Expreso3,-5100,-73980
112,Naranjal,Expreso4,-6464,-70281
113,Izaguirre,Expreso4,-5401,-70224
114,Izaguirre,D,-8370,-70357
115,Izaguirre,A,-5797,-75961
116,Izaguirre,Expreso8,-6353,-72996
117,Naranjal,SXN,-9664,-74758
118,Izaguirre,A,-8376,-72502
119,Naranjal,SXN,-5994,-70150
120,Naranjal,SX,-6206,-70626
121,Naranjal,Expreso2,-6794,-71364
122,Izaguirre,A,-9429,-73145
123,Naranjal,SX,-9978,-79125
124,Naranjal,Expreso4,-9042,-79529
125,Izaguirre,Expreso8,-8573,-78268
126,Naranjal,B,-5281,-71688
127,Naranjal,A,-7482,-78957
128,Naranjal,Expreso5,-5236,-76027
129,Izaguirre,Expreso4,-7899,-75443
130,Izaguirre,Expreso8,-5184,-79400
131,Naranjal,D,-9388,-79184
132,Naranjal,D,-6729,-71260
133,Naranjal,B,-5446,-79734
134,Izaguirre,Expreso6,-8258,-74100
135,Naranjal,Expreso4,-8148,-73285
136,Izaguirre,D,-8444,-74428
137,Naranjal,B,-8588,-72299
138,Izaguirre,D,-9720,-70401
139,Izaguirre,B,-6238,-77924
140,Naranjal,Expreso5,-9006,-73588
141,Izaguirre,Expreso8,-6930,-79763
142,Naranjal,Expreso5,-5790,-71877
143,Izaguirre,Expreso8,-7846,-72952
144,Naranjal,B,-6994,-76629
145,Izaguirre,Expreso6,-6318,-71643
146,Naranjal,Expreso2,-6107,-70234
147,Izaguirre,Expreso8,-7182,-78737
148,Izaguirre,D,-5678,-75235
149,Izaguirre,Expreso4,-8017,-75504
150,Izaguirre,B,-7582,-74910
151,Izaguirre,Expreso6,-5057,-72387
152,Izaguirre,Expreso4,-7452,-76086
153,Naranjal,Expreso4,-5512,-75442
154,Naranjal,Expreso3,-9940,-77143
155,Naranjal,Expreso3,-7007,-73634
156,Naranjal,A,-7400,-77115
157,Naranjal,Expreso4,-7079,-78222
158,Izaguirre,Expreso4,-8494,-73408
159,Naranjal,Expreso4,-5129,-71134
160,Izaguirre,B,-7695,-77313
161,Naranjal,Expreso2,-8209,-77243
162,Naranjal,SXN,-5204,-77504
163,Naranjal,Expreso5,-7193,-78506
164,Izaguirre,Expreso4,-5008,-76617
165,Izaguirre,Expreso4,-6476,-72971
166,Naranjal,Expreso5,-6166,-78570
167,Naranjal,Expreso2,-9085,-71005
168,Izaguirre,Expreso6,-6706,-76196
169,Izaguirre,Expreso8,-9926,-71621
170,Naranjal,D,-9810,-78999
171,Izaguirre,D,-8632,-76640
172,Izaguirre,Expreso8,-7886,-76609
173,Naranjal,SX,-5886,-70332
174,Naranjal,SX,-6945,-70151
175,Naranjal,Expreso3,-7920,-75291
176,Naranjal,Expreso3,-5652,-73445
177,Naranjal,B,-6843,-72406
178,Naranjal,D,-9599,-70659
179,Izaguirre,A,-6793,-75951
180,Izaguirre,Expreso4,-7786,-75463
181,Izaguirre,Expreso4,-5954,-74698
182,Izaguirre,Expreso8,-8400,-79497
183,Naranjal,Expreso3,-5888,-77948
184,Izaguirre,B,-7166,-74786
185,Naranjal,Expreso2,-9492,-72932
186,Izaguirre,A,-6434,-73346
187,Izaguirre,A,-5390,-78778
188,Naranjal,SX,-6443,-78414
189,Naranjal,D,-5980,-74858
190,Izaguirre,D,-7509,-78676
191,Naranjal,Expreso2,-6653,-73370
192,Izaguirre,A,-8314,-77159
193,Izaguirre,Expreso4,-6724,-73169
194,Izaguirre,Expreso4,-8813,-73121
195,Izaguirre,D,-8606,-72649
196,Naranjal,A,-9096,-72540
197,Naranjal,Expreso4,-6996,-77494
198,Naranjal,Expreso5,-8032,-79515
199,Izaguirre,Expreso6,-5360,-71986
200,Naranjal,Expreso5,-5718,-72116
201,Izaguirre,B,-8972,-72616
202,Izaguirre,B,-6840,-76763
203,Naranjal,Expreso2,-6466,-77371
204,Naranjal,Expreso3,-7716,-74000
205,Izaguirre,A,-5074,-78044
206,Naranjal,A,-9542,-75339
207,Izaguirre,A,-7261,-79081
208,Izaguirre,D,-5777,-74487
209,Izaguirre,B,-9696,-77579
210,Naranjal,SXN,-8567,-70476
211,Izaguirre,Expreso8,-5277,-76457
212,Naranjal,SX,-8298,-78564
213,Naranjal,SX,-7590,-74089
214,Naranjal,Expreso4,-5512,-76512
215,Naranjal,D,-5886,-74944
216,Izaguirre,A,-7637,-75778
217,Izaguirre,D,-8182,-75981
218,Naranjal,Expreso3,-8222,-76225
219,Izaguirre,Expreso4,-8279,-71961
220,Naranjal,Expreso2,-6397,-77136
221,Izaguirre,Expreso8,-5884,-78517
222,Naranjal,Expreso2,-5739,-71391
223,Izaguirre,Expreso8,-6535,-78931
224,Izaguirre,Expreso6,-9498,-75382
225,Naranjal,SX,-9082,-74752
226,Naranjal,D,-8998,-79071
227,Naranjal,D,-5996,-78755
228,Izaguirre,Expreso8,-7310,-73606
229,Izaguirre,Expreso8,-6946,-72372
230,Izaguirre,Expreso6,-7885,-72551
231,Izaguirre,A,-7764,-77023
232,Izaguirre,A,-6430,-74714
233,Izaguirre,B,-5561,-78050
234,Naranjal,Expreso4,-6341,-71704
235,Izaguirre,Expreso4,-5496,-77918
236,Izaguirre,D,-6264,-70965
237,Naranjal,Expreso5,-5714,-73200
238,Naranjal,D,-9395,-74192
239,Izaguirre,Expreso8,-5643,-76315
240,Izaguirre,A,-7288,-78833
241,Izaguirre,Expreso8,-7771,-75587
242,Naranjal,D,-5462,-73502
243,Izaguirre,Expreso8,-8822,-72839
244,Naranjal,SXN,-8884,-70780
245,Izaguirre,Expreso6,-6780,-77183
246,Izaguirre,Expreso6,-7645,-73393
247,Naranjal,D,-6280,-72071
248,Izaguirre,Expreso6,-5592,-73789
249,Izaguirre,A,-5318,-74067
250,Izaguirre,Expreso8,-7401,-75722
251,Izaguirre,D,-6400,-77162
252,Naranjal,SXN,-6483,-74683
253,Naranjal,B,-8761,-73843
254,Izaguirre,D,-8974,-76291
255,Izaguirre,Expreso4,-9435,-72562
256,Naranjal,B,-7181,-70250
257,Izaguirre,Expreso8,-6452,-70575
258,Naranjal,B,-7104,-79179
259,Izaguirre,Expreso8,-7213,-76238
260,Naranjal,A,-7984,-73516
261,Naranjal,Expreso3,-7298,-73311
262,Izaguirre,D,-7898,-71425
263,Izaguirre,Expreso6,-7268,-77838
264,Naranjal,SXN,-5394,-73366
265,Izaguirre,B,-8760,-74085
266,Naranjal,Expreso4,-9703,-79830
267,Naranjal,D,-6465,-75073
268,Naranjal,B,-9460,-73458
269,Naranjal,SXN,-5247,-79020
270,Izaguirre,A,-5784,-79162
271,Naranjal,SX,-7723,-75512
272,Izaguirre,Expreso8,-6662,-77820
273,Izaguirre,Expreso6,-5586,-70131
274,Naranjal,D,-8888,-78147
275,Naranjal,SX,-8459,-71469
276,Naranjal,B,-8076,-71656
277,Naranjal,SX,-9334,-73355
278,Izaguirre,Expreso8,-7182,-72525
279,Naranjal,Expreso2,-8654,-71206
280,Naranjal,Expreso3,-7117,-77673
281,Naranjal,Expreso5,-8838,-79163
282,Izaguirre,D,-7976,-76893
283,Naranjal,Expreso5,-8969,-70371
284,Izaguirre,B,-8571,-70489
285,Izaguirre,Expreso4,-9900,-71214
286,Naranjal,Expreso3,-5380,-71825
287,Naranjal,Expreso2,-7721,-77256
288,Izaguirre,D,-8799,-71307
289,Naranjal,Expreso2,-6647,-72327
290,Izaguirre,B,-6386,-72971
291,Izaguirre,D,-7183,-72819
292,Naranjal,Expreso5,-6411,-78835
293,Izaguirre,B,-9124,-77514
294,Izaguirre,B,-9270,-76525
295,Naranjal,B,-9986,-71049
296,Naranjal,Expreso4,-6193,-79524
297,Naranjal,Expreso5,-7640,-77476
298,Izaguirre,D,-9193,-77998
299,Izaguirre,Expreso6,-9485,-73960
300,Naranjal,Expreso5,-6355,-74579
301,Naranjal,Expreso2,-8182,-70282
302,Izaguirre,A,-9343,-78991
303,Naranjal,SXN,-9831,-79559
304,Izaguirre,Expreso8,-6695,-75671
305,Naranjal,Expreso3,-6739,-71277
306,Naranjal,D,-6687,-73857
307,Izaguirre,B,-5170,-77241
308,Izaguirre,Expreso6,-7340,-72861
309,Izaguirre,A,-5379,-74274
310,Naranjal,B,-8361,-74630
311,Izaguirre,Expreso4,-8009,-73668
312,Izaguirre,D,-6521,-78837
313,Izaguirre,D,-8646,-75689
314,Naranjal,B,-6529,-75363
315,Izaguirre,Expreso6,-7103,-78776
316,Izaguirre,D,-8927,-76111
317,Naranjal,Expreso5,-6081,-77472
318,Naranjal,A,-9440,-72465
319,Naranjal,A,-7271,-77025
320,Naranjal,B,-8250,-74424
321,Izaguirre,Expreso6,-5660,-76181
322,Izaguirre,Expreso8,-6699,-71001
323,Naranjal,D,-6806,-77765
324,Izaguirre,D,-6116,-77899
325,Naranjal,Expreso2,-6310,-78518
326,Izaguirre,Expreso8,-6615,-77629
327,Izaguirre,D,-6518,-74864
328,Naranjal,SX,-8871,-72644
329,Naranjal,Expreso3,-7979,-75755
330,Izaguirre,Expreso4,-5236,-71173
331,Naranjal,B,-6282,-72633
332,Naranjal,B,-8445,-71534
333,Izaguirre,Expreso4,-7792,-72281
334,Izaguirre,Expreso6,-5844,-78182
335,Izaguirre,D,-8498,-70191
336,Naranjal,D,-7130,-71602
337,Izaguirre,Expreso6,-6481,-79279
338,Naranjal,Expreso3,-6896,-75786
339,Naranjal,Expreso2,-8505,-74037
340,Izaguirre,Expreso4,-8234,-79908
341,Naranjal,SXN,-7446,-79304
342,Izaguirre,Expreso6,-9475,-70498
343,Izaguirre,B,-6699,-76666
344,Naranjal,Expreso5,-6399,-73870
345,Izaguirre,Expreso6,-5410,-77656
346,Izaguirre,B,-5414,-74119
347,Izaguirre,B,-8790,-72542
348,Izaguirre,A,-7798,-77022
349,Izaguirre,B,-5899,-71760
350,Naranjal,Expreso3,-7706,-76607
351,Naranjal,B,-8351,-77310
352,Izaguirre,D,-6514,-72734
353,Naranjal,Expreso3,-7001,-77823
354,Izaguirre,Expreso8,-7042,-73513
355,Naranjal,SXN,-8412,-70206
356,Izaguirre,Expreso4,-6150,-71778
357,Izaguirre,Expreso8,-5768,-79268
358,Izaguirre,A,-5932,-73099
359,Naranjal,Expreso3,-8407,-70776
360,Naranjal,A,-8252,-70246
361,Naranjal,Expreso2,-6007,-72193
362,Izaguirre,A,-8067,-77718
363,Izaguirre,D,-8212,-77178
364,Naranjal,B,-7918,-76920
365,Izaguirre,Expreso4,-5595,-73528
366,Izaguirre,D,-8194,-70639
367,Izaguirre,Expreso8,-7253,-72060
368,Izaguirre,B,-8966,-75679
369,Naranjal,Expreso2,-9626,-71072
370,Izaguirre,Expreso4,-8601,-72202
371,Naranjal,Expreso4,-6223,-76086
372,Naranjal,SXN,-8710,-79118
373,Naranjal,Expreso3,-5424,-74323
374,Naranjal,Expreso2,-6818,-79382
375,Naranjal,B,-7663,-72301
376,Naranjal,A,-8319,-73230
377,Naranjal,Expreso4,-8941,-77686
378,Izaguirre,D,-5962,-71086
379,Izaguirre,Expreso6,-9255,-74022
380,Naranjal,Expreso2,-6704,-72562
381,Naranjal,SX,-5428,-77091
382,Naranjal,Expreso2,-8936,-73756
383,Izaguirre,A,-5123,-73981
384,Naranjal,Expreso4,-5726,-74408
385,Naranjal,Expreso2,-9578,-70753
386,Naranjal,SXN,-8507,-75967
387,Naranjal,Expreso4,-6900,-77226
388,Izaguirre,A,-5372,-77072
389,Izaguirre,D,-5168,-78661
390,Naranjal,Expreso3,-7138,-79957
391,Naranjal,D,-7510,-74174
392,Izaguirre,A,-5725,-76691
393,Naranjal,B,-5597,-78937
394,Izaguirre,D,-5840,-75810
395,Naranjal,Expreso3,-5350,-75267
396,Izaguirre,Expreso6,-5352,-74690
397,Izaguirre,Expreso8,-6012,-74033
398,Naranjal,D,-8507,-71347
399,Izaguirre,Expreso8,-7603,-75840
400,Naranjal,Expreso5,-9071,-78380
401,Naranjal,SX,-6640,-70419
402,Naranjal,Expreso2,-9424,-78588
403,Izaguirre,A,-7476,-76981
404,Izaguirre,Expreso8,-7056,-70116
405,Izaguirre,Expreso4,-9328,-79194
406,Naranjal,Expreso3,-7180,-73190
407,Naranjal,D,-6767,-76225
408,Naranjal,Expreso4,-8832,-76947
409,Izaguirre,B,-8751,-72902
410,Izaguirre,D,-8853,-74905
411,Naranjal,A,-7989,-72950
412,Naranjal,Expreso3,-5758,-77992
413,Naranjal,Expreso5,-9521,-75585
414,Izaguirre,B,-8136,-77266
415,Izaguirre,Expreso6,-5590,-73893
416,Naranjal,SX,-7723,-75684
417,Izaguirre,B,-8327,-71514
418,Izaguirre,B,-7892,-70342
419,Izaguirre,Expreso4,-9537,-75739
420,Naranjal,SX,-7525,-72855
421,Izaguirre,Expreso6,-8025,-73276
422,Naranjal,Expreso2,-5564,-78246
423,Naranjal,Expreso4,-8208,-78501
424,Izaguirre,B,-7042,-75394
425,Naranjal,Expreso3,-5920,-71409
426,Naranjal,SX,-8041,-75916
427,Izaguirre,D,-5990,-70001
428,Izaguirre,D,-5916,-74029
429,Naranjal,Expreso3,-7679,-78265
430,Izaguirre,D,-7792,-78931
431,Izaguirre,Expreso6,-9803,-76507
432,Izaguirre,D,-6452,-78199
433,Izaguirre,Expreso8,-5247,-73599
434,Naranjal,B,-6187,-70312
435,Naranjal,B,-6636,-77782
436,Naranjal,B,-5441,-73764
437,Izaguirre,B,-7108,-77693
438,Izaguirre,D,-8979,-79840
439,Naranjal,B,-5882,-79967
440,Naranjal,A,-8043,-75272
441,Naranjal,D,-7781,-74558
442,Naranjal,Expreso3,-7304,-73296
443,Naranjal,B,-6283,-72814
444,Naranjal,A,-9449,-78862
445,Izaguirre,A,-5890,-76791
446,Naranjal,Expreso4,-8223,-77965
447,Naranjal,B,-8625,-74988
448,Naranjal,Expreso4,-9212,-72907
449,Naranjal,Expreso3,-7195,-78438
450,Izaguirre,D,-9378,-77563
451,Izaguirre,Expreso8,-8942,-78308
452,Naranjal,Expreso5,-6660,-70078
453,Naranjal,Expreso4,-7321,-75034
454,Izaguirre,A,-8275,-74792
455,Naranjal,D,-8842,-73055
456,Izaguirre,Expreso4,-7334,-73485
457,Izaguirre,D,-6047,-71624
458,Izaguirre,Expreso6,-8040,-76608
459,Izaguirre,Expreso4,-7085,-71157
460,Izaguirre,Expreso8,-5869,-72571
461,Izaguirre,D,-9334,-74178
462,Izaguirre,Expreso8,-8206,-77897
463,Naranjal,D,-7689,-71502
464,Naranjal,Expreso5,-5007,-75665
465,Izaguirre,A,-9525,-71332
466,Izaguirre,D,-6150,-75486
467,Naranjal,SXN,-9595,-72133
468,Naranjal,D,-9731,-73716
469,Izaguirre,A,-9497,-73908
470,Izaguirre,Expreso6,-9973,-70530
471,Izaguirre,A,-7108,-75312
472,Naranjal,Expreso4,-7887,-74223
473,Izaguirre,Expreso4,-7480,-77390
474,Naranjal,B,-6557,-72040
475,Izaguirre,A,-5903,-70600
476,Izaguirre,D,-8569,-71574
477,Izaguirre,B,-9972,-76229
478,Naranjal,Expreso2,-6804,-72443
479,Izaguirre,B,-9197,-70838
480,Izaguirre,B,-9223,-78890
481,Naranjal,B,-9670,-73442
482,Naranjal,Expreso5,-9865,-74255
483,Naranjal,Expreso2,-6217,-71808
484,Naranjal,A,-9527,-76716
485,Naranjal,Expreso3,-9999,-79540
486,Naranjal,Expreso2,-8626,-78817
487,Izaguirre,B,-5670,-77182
488,Naranjal,Expreso4,-5052,-79722
489,Izaguirre,Expreso8,-8839,-79071
490,Naranjal,Expreso2,-6315,-77714
491,Naranjal,SXN,-9060,-75707
492,Naranjal,A,-5329,-72633
493,Naranjal,D,-9727,-71468
494,Izaguirre,B,-7891,-74818
495,Naranjal,D,-5064,-70503
496,Naranjal,SXN,-7565,-73251
497,Naranjal,Expreso2,-9254,-75310
498,Izaguirre,Expreso8,-7715,-75775
499,Izaguirre,A,-7263,-70864
500,Izaguirre,Expreso6,-9457,-74353
501,Izaguirre,Expreso4,-7674,-75243
502,Naranjal,B,-9126,-70743
503,Naranjal,D,-8351,-76743
504,Izaguirre,Expreso6,-6974,-73989
505,Naranjal,B,-8277,-79742
506,Naranjal,SX,-9012,-77854
507,Naranjal,Expreso3,-7619,-76475
508,Naranjal,B,-5725,-72702
509,Naranjal,Expreso3,-5670,-72518
510,Izaguirre,D,-7246,-74546
511,Naranjal,A,-7950,-73952
512,Izaguirre,Expreso4,-7680,-77126
513,Izaguirre,Expreso8,-8055,-77674
514,Naranjal,SX,-8223,-76451
515,Izaguirre,D,-8059,-75832
516,Naranjal,Expreso3,-8870,-78185
517,Naranjal,Expreso2,-9951,-75129
518,Izaguirre,Expreso8,-6782,-79104
519,Izaguirre,B,-5485,-72326
520,Naranjal,A,-9859,-79206
521,Naranjal,Expreso3,-5682,-79683
522,Naranjal,Expreso3,-5589,-76490
523,Izaguirre,Expreso8,-8255,-74242
524,Naranjal,A,-7788,-72434
525,Naranjal,Expreso4,-6310,-71227
526,Naranjal,A,-9717,-78482
527,Izaguirre,Expreso4,-9239,-77505
528,Izaguirre,Expreso6,-8482,-76599
529,Izaguirre,B,-8962,-74636
530,Izaguirre,B,-6203,-74788
531,Izaguirre,Expreso4,-6331,-77603
532,Izaguirre,Expreso4,-8490,-71654
533,Izaguirre,Expreso8,-7997,-75397
534,Izaguirre,D,-8212,-73920
535,Izaguirre,A,-5834,-79686
536,Izaguirre,B,-6968,-77743
537,Izaguirre,B,-9008,-78941
538,Naranjal,Expreso5,-7872,-76227
539,Naranjal,Expreso4,-5909,-79273
540,Izaguirre,A,-9363,-77897
541,Izaguirre,Expreso4,-6219,-70144
542,Naranjal,Expreso3,-8496,-74792
543,Naranjal,B,-5991,-73390
544,Naranjal,Expreso5,-9212,-75581
545,Naranjal,Expreso2,-6619,-78588
546,Naranjal,Expreso4,-6194,-71879
547,Izaguirre,D,-7150,-78828
548,Naranjal,SXN,-9520,-71522
549,Izaguirre,D,-5752,-75273
550,Naranjal,Expreso4,-9103,-79488
551,Naranjal,SX,-6619,-77253
552,Izaguirre,A,-6265,-76657
553,Izaguirre,A,-6195,-71291
554,Izaguirre,A,-5947,-73932
555,Naranjal,A,-8620,-71864
556,Izaguirre,Expreso4,-6661,-71411
557,Naranjal,Expreso5,-9327,-75948
558,Naranjal,Expreso5,-8356,-74870
559,Izaguirre,Expreso8,-9377,-78482
560,Izaguirre,A,-8095,-70864
561,Naranjal,Expreso2,-6706,-75185
562,Naranjal,A,-8387,-74347
563,Izaguirre,B,-6348,-72200
564,Naranjal,Expreso2,-6443,-71894
565,Naranjal,Expreso5,-7001,-77653
566,Izaguirre,A,-7093,-74698
567,Izaguirre,A,-9047,-78899
568,Naranjal,Expreso4,-5419,-78258
569,Izaguirre,D,-7801,-78427
570,Naranjal,SXN,-8727,-79221
571,Naranjal,Expreso5,-9859,-77493
572,Izaguirre,Expreso8,-5128,-74594
573,Naranjal,Expreso5,-5356,-77717
574,Naranjal,SXN,-8828,-76835
575,Naranjal,SX,-9236,-75313
576,Naranjal,SXN,-8243,-70110
577,Izaguirre,Expreso8,-7034,-75026
578,Izaguirre,Expreso4,-6116,-75305
579,Izaguirre,Expreso8,-7640,-74530
580,Naranjal,A,-5901,-77724
581,Naranjal,D,-7584,-73895
582,Izaguirre,D,-8749,-72819
583,Izaguirre,Expreso4,-6161,-70731
584,Naranjal,SX,-5519,-77135
585,Naranjal,A,-6004,-70583
586,Naranjal,A,-7108,-73148
587,Naranjal,SXN,-8072,-77526
588,Izaguirre,Expreso4,-8515,-74069
589,Naranjal,Expreso4,-7072,-73543
590,Naranjal,SX,-5886,-70794
591,Naranjal,B,-7784,-73473
592,Izaguirre,B,-9471,-71648
593,Naranjal,A,-9778,-73844
594,Naranjal,SXN,-9203,-76732
595,Izaguirre,Expreso8,-8605,-75618
596,Izaguirre,D,-9202,-76505
597,Naranjal,Expreso5,-5905,-75158
598,Izaguirre,B,-6834,-76656
599,Naranjal,SX,-9466,-75570
600,Naranjal,Expreso3,-8468,-76769
601,Naranjal,D,-6964,-76225
602,Izaguirre,Expreso4,-9456,-73109
603,Izaguirre,Expreso6,-6726,-74573
604,Naranjal,D,-6148,-70100
605,Naranjal,SXN,-8289,-77519
606,Naranjal,Expreso5,-7678,-78935
607,Naranjal,Expreso5,-6715,-76816
608,Izaguirre,Expreso8,-8029,-71967
609,Izaguirre,Expreso4,-7782,-76060
610,Izaguirre,D,-5303,-77173
611,Izaguirre,Expreso8,-5574,-70002
612,Naranjal,Expreso3,-9633,-73176
613,Naranjal,Expreso5,-7754,-70562
614,Izaguirre,Expreso8,-7474,-71999
615,Naranjal,SX,-7825,-73850
616,Naranjal,Expreso2,-7982,-77930
617,Naranjal,SX,-5346,-72849
618,Naranjal,B,-5441,-70214
619,Izaguirre,A,-6441,-75005
620,Naranjal,Expreso3,-9773,-76344
621,Naranjal,Expreso2,-8805,-78257
622,Izaguirre,Expreso8,-7439,-70353
623,Naranjal,SXN,-5773,-72307
624,Izaguirre,B,-7881,-77152
625,Izaguirre,Expreso4,-8469,-73232
626,Izaguirre,Expreso4,-7855,-72571
627,Izaguirre,A,-5979,-72922
628,Izaguirre,A,-8565,-74566
629,Naranjal,SXN,-7868,-77535
630,Naranjal,A,-5912,-73600
631,Naranjal,A,-9887,-72072
632,Izaguirre,Expreso4,-8655,-77628
633,Naranjal,Expreso3,-5027,-70475
634,Naranjal,A,-6614,-71739
635,Naranjal,Expreso4,-6066,-73490
636,Izaguirre,B,-8803,-70594
637,Naranjal,SX,-6919,-73717
638,Izaguirre,Expreso6,-6534,-74878
639,Naranjal,Expreso2,-6482,-79901
640,Naranjal,A,-8512,-78131
641,Izaguirre,Expreso4,-6060,-78119
642,Naranjal,SXN,-9219,-72589
643,Izaguirre,Expreso8,-9566,-70359
644,Izaguirre,Expreso4,-6456,-75839
645,Naranjal,Expreso5,-6305,-75743
646,Izaguirre,Expreso4,-7440,-74584
647,Naranjal,Expreso2,-7233,-72585
648,Izaguirre,Expreso8,-5909,-79751
649,Naranjal,SXN,-6074,-71802
650,Naranjal,SXN,-5301,-77074
651,Izaguirre,A,-9845,-72448
652,Naranjal,D,-9853,-77305
653,Naranjal,Expreso4,-5811,-78915
654,Izaguirre,A,-8974,-70756
655,Naranjal,SX,-5881,-71631
656,Izaguirre,A,-9727,-74588
657,Naranjal,B,-5701,-74376
658,Izaguirre,Expreso4,-8130,-70357
659,Naranjal,B,-9193,-75530
660,Izaguirre,Expreso8,-6896,-78899
661,Izaguirre,Expreso8,-6080,-77380
662,Izaguirre,D,-5545,-70905
663,Izaguirre,Expreso4,-9174,-73543
664,Izaguirre,D,-6797,-72350
665,Izaguirre,Expreso6,-6874,-70866
666,Izaguirre,Expreso4,-5989,-79743
667,Izaguirre,B,-8673,-71352
668,Izaguirre,Expreso4,-8247,-77988
669,Izaguirre,B,-7762,-77544
670,Izaguirre,Expreso8,-7777,-74405
671,Izaguirre,A,-9778,-71188
672,Izaguirre,Expreso6,-5567,-77069
673,Izaguirre,D,-6847,-79776
674,Naranjal,Expreso4,-8186,-75763
675,Naranjal,Expreso5,-9305,-77479
676,Naranjal,Expreso2,-5271,-76933
677,Izaguirre,Expreso8,-7069,-71912
678,Naranjal,Expreso5,-6966,-72508
679,Izaguirre,Expreso6,-9377,-77390
680,Izaguirre,Expreso6,-9347,-72298
681,Naranjal,Expreso2,-6841,-77198
682,Izaguirre,Expreso4,-7368,-77172
683,Izaguirre,Expreso4,-5251,-74302
684,Izaguirre,Expreso6,-7469,-73410
685,Naranjal,Expreso2,-9593,-76318
686,Naranjal,Expreso4,-7124,-73502
687,Izaguirre,D,-6426,-73690
688,Naranjal,SXN,-6439,-73788
689,Izaguirre,Expreso8,-6611,-75262
690,Izaguirre,D,-8433,-72371
691,Naranjal,A,-6138,-76846
692,Izaguirre,Expreso8,-8475,-71049
693,Naranjal,B,-8574,-72726
694,Izaguirre,B,-9017,-76413
695,Izaguirre,Expreso6,-8155,-72041
696,Izaguirre,A,-7349,-72542
697,Izaguirre,B,-8075,-74954
698,Naranjal,A,-8401,-74212
699,Naranjal,Expreso4,-8587,-72868
700,Izaguirre,D,-8078,-73215
701,Izaguirre,Expreso6,-6420,-78727
702,Izaguirre,A,-8950,-77786
703,Izaguirre,D,-5236,-76296
704,Naranjal,Expreso5,-5266,-72535
705,Izaguirre,B,-8768,-75534
706,Izaguirre,Expreso8,-6188,-74974
707,Naranjal,Expreso3,-6424,-73408
708,Izaguirre,Expreso8,-8844,-72097
709,Naranjal,Expreso3,-9624,-77734
710,Izaguirre,Expreso6,-8584,-74000
711,Naranjal,A,-5049,-73875
712,Naranjal,Expreso3,-9039,-71674
713,Naranjal,Expreso5,-6705,-75156
714,Izaguirre,Expreso4,-8701,-70969
715,Naranjal,SXN,-8130,-71792
716,Naranjal,Expreso4,-5145,-78839
717,Izaguirre,Expreso4,-6779,-71283
718,Naranjal,Expreso5,-5749,-75772
719,Naranjal,D,-8816,-75206
720,Naranjal,Expreso2,-7774,-78488
721,Naranjal,SXN,-8315,-75082
722,Izaguirre,B,-6164,-78867
723,Izaguirre,Expreso6,-8902,-71248
724,Naranjal,A,-9121,-79112
725,Naranjal,Expreso5,-9183,-74198
726,Izaguirre,D,-5017,-72402
727,Izaguirre,Expreso6,-9322,-78738
728,Izaguirre,B,-9148,-79284
729,Naranjal,Expreso5,-9636,-76469
730,Naranjal,B,-6175,-73396
731,Izaguirre,D,-5954,-70639
732,Izaguirre,Expreso4,-6355,-72099
733,Izaguirre,Expreso6,-5841,-75644
734,Izaguirre,D,-7521,-72243
735,Naranjal,Expreso5,-9413,-74416
736,Izaguirre,A,-5494,-75126
737,Naranjal,Expreso3,-7646,-73542
738,Izaguirre,Expreso4,-6074,-72494
739,Izaguirre,Expreso6,-9598,-77282
740,Izaguirre,D,-8646,-73061
741,Naranjal,SX,-5121,-75527
742,Naranjal,Expreso5,-8809,-75526
743,Naranjal,D,-6853,-76540
744,Izaguirre,Expreso8,-7342,-77916
745,Naranjal,D,-5385,-79337
746,Izaguirre,B,-9745,-78190
747,Naranjal,Expreso4,-9799,-77952
748,Naranjal,D,-8074,-79729
749,Izaguirre,Expreso6,-9820,-77159
750,Naranjal,Expreso3,-8300,-76942
751,Izaguirre,B,-5676,-72293
752,Izaguirre,A,-8050,-71054
753,Naranjal,A,-7307,-73115
754,Izaguirre,D,-7191,-77016
755,Izaguirre,Expreso4,-7294,-70500
756,Naranjal,A,-8705,-71514
757,Izaguirre,Expreso6,-7060,-75248
758,Naranjal,SXN,-6384,-77869
759,Naranjal,SXN,-9034,-73716
760,Izaguirre,Expreso6,-7321,-75225
761,Naranjal,Expreso4,-9544,-77469
762,Naranjal,SX,-7860,-71862
763,Izaguirre,Expreso6,-7860,-77514
764,Naranjal,Expreso3,-6352,-71042
765,Izaguirre,D,-6545,-77453
766,Izaguirre,Expreso6,-6163,-75685
767,Naranjal,Expreso3,-5894,-75778
768,Izaguirre,D,-7458,-73806
769,Naranjal,Expreso4,-5708,-70810
770,Naranjal,D,-8289,-78659
771,Naranjal,D,-9188,-75112
772,Naranjal,B,-8450,-70032
773,Naranjal,A,-5357,-71156
774,Naranjal,SX,-5888,-74126
775,Izaguirre,Expreso4,-9718,-70207
776,Izaguirre,B,-5748,-72149
777,Naranjal,SXN,-9815,-75739
778,Naranjal,A,-7293,-73235
779,Naranjal,SXN,-5124,-74642
780,Izaguirre,Expreso8,-5717,-79016
781,Naranjal,SX,-9896,-78003
782,Naranjal,Expreso4,-6262,-74287
783,Izaguirre,B,-9218,-73196
784,Izaguirre,D,-8671,-70254
785,Naranjal,Expreso5,-6058,-79902
786,Naranjal,SXN,-9250,-79515
787,Naranjal,Expreso4,-7413,-70977
788,Naranjal,Expreso5,-8923,-73622
789,Naranjal,Expreso3,-5502,-70183
790,Izaguirre,Expreso8,-7354,-74859
791,Naranjal,Expreso3,-5027,-72707
792,Izaguirre,Expreso8,-8869,-75265
793,Naranjal,Expreso3,-8473,-71841
794,Naranjal,SX,-8757,-76811
795,Izaguirre,Expreso6,-9748,-70462
796,Naranjal,A,-9558,-72966
797,Izaguirre,Expreso4,-9024,-77864
798,Izaguirre,D,-5990,-76130
799,Izaguirre,Expreso8,-9936,-76435
800,Izaguirre,B,-6596,-76368
801,Izaguirre,Expreso4,-6716,-70486
802,Naranjal,Expreso3,-9962,-70118
803,Izaguirre,Expreso4,-8285,-77187
804,Izaguirre,A,-9416,-70988
805,Naranjal,A,-8406,-71327
806,Izaguirre,Expreso4,-7828,-75299
807,Izaguirre,Expreso6,-9241,-72328
808,Izaguirre,Expreso8,-5725,-73108
809,Naranjal,SXN,-6599,-70185
810,Izaguirre,Expreso4,-5149,-76243
811,Izaguirre,Expreso8,-5246,-79640
812,Izaguirre,B,-5894,-73507
813,Naranjal,Expreso4,-8611,-79582
814,Izaguirre,D,-6680,-79087
815,Naranjal,Expreso3,-5705,-75183
816,Naranjal,Expreso5,-8092,-72306
817,Izaguirre,Expreso6,-6763,-71191
818,Naranjal,Expreso5,-7995,-76978
819,Izaguirre,Expreso8,-6789,-72725
820,Izaguirre,Expreso8,-8881,-71386
821,Izaguirre,Expreso6,-7688,-73050
822,Naranjal,SXN,-6384,-74530
823,Naranjal,B,-6335,-76922
824,Naranjal,Expreso3,-6640,-75203
825,Naranjal,Expreso4,-9325,-72767
826,Izaguirre,A,-6213,-70966
827,Izaguirre,B,-7100,-70724
828,Izaguirre,B,-5162,-71571
829,Izaguirre,A,-6715,-71810
830,Izaguirre,Expreso4,-9027,-75789
831,Izaguirre,Expreso6,-6055,-71605
832,Izaguirre,Expreso6,-7387,-70008
833,Naranjal,SX,-8593,-75575
834,Naranjal,D,-7675,-72216
835,Izaguirre,Expreso8,-9827,-78236
836,Izaguirre,B,-9491,-76730
837,Naranjal,Expreso4,-6516,-73989
838,Naranjal,Expreso2,-9157,-76726
839,Naranjal,SXN,-8843,-71987
840,Naranjal,Expreso5,-9537,-73005
841,Izaguirre,B,-7080,-75617
842,Naranjal,SXN,-6566,-78566
843,Izaguirre,Expreso4,-9949,-78030
844,Izaguirre,D,-7660,-73025
845,Izaguirre,Expreso4,-7305,-70825
846,Izaguirre,A,-5682,-75723
847,Naranjal,SXN,-7040,-71931
848,Izaguirre,Expreso4,-6890,-72636
849,Izaguirre,Expreso4,-8142,-77255
850,Naranjal,Expreso4,-9761,-72300
851,Naranjal,Expreso3,-7006,-71245
852,Izaguirre,Expreso4,-5091,-74982
853,Izaguirre,B,-5901,-71775
854,Izaguirre,B,-8523,-79572
855,Naranjal,D,-8677,-79043
856,Izaguirre,D,-9614,-76084
857,Naranjal,SX,-9687,-78010
858,Izaguirre,Expreso6,-9519,-72865
859,Izaguirre,Expreso6,-6130,-75303
860,Naranjal,SX,-9408,-75625
861,Izaguirre,A,-7857,-79386
862,Naranjal,Expreso3,-9402,-78659
863,Naranjal,Expreso3,-6106,-70570
864,Izaguirre,D,-6454,-75997
865,Izaguirre,Expreso6,-9072,-76604
866,Naranjal,Expreso5,-7639,-74228
867,Naranjal,SX,-9266,-71516
868,Naranjal,B,-9073,-77428
869,Izaguirre,A,-9791,-79736
870,Naranjal,Expreso5,-6237,-72328
871,Izaguirre,A,-6371,-79607
872,Izaguirre,D,-8982,-71875
873,Naranjal,B,-8013,-78368
874,Naranjal,SXN,-7600,-74348
875,Izaguirre,Expreso6,-9602,-76624
876,Izaguirre,Expreso4,-8673,-76059
877,Naranjal,SXN,-7161,-74552
878,Naranjal,D,-6213,-79148
879,Izaguirre,B,-6813,-79885
880,Izaguirre,A,-7299,-77688
881,Izaguirre,B,-5339,-78403
882,Naranjal,Expreso4,-7255,-71787
883,Izaguirre,D,-6294,-74935
884,Naranjal,Expreso3,-7674,-71452
885,Izaguirre,D,-5355,-72688
886,Izaguirre,A,-6405,-73025
887,Naranjal,Expreso3,-7123,-74548
888,Izaguirre,A,-6599,-71808
889,Naranjal,SX,-6095,-77898
890,Izaguirre,B,-8291,-71919
891,Naranjal,A,-8175,-74224
892,Izaguirre,Expreso4,-8069,-74664
893,Izaguirre,A,-7127,-76438
894,Naranjal,Expreso2,-8744,-75683
895,Izaguirre,Expreso4,-8199,-76648
896,Izaguirre,Expreso4,-9724,-79493
897,Naranjal,SXN,-7620,-76873
898,Izaguirre,A,-8178,-70373
899,Naranjal,SX,-9652,-70209
900,Naranjal,SX,-9390,-78385
901,Naranjal,Expreso2,-9149,-74929
902,Izaguirre,Expreso8,-8486,-78553
903,Izaguirre,Expreso8,-7179,-77590
904,Izaguirre,D,-5867,-74903
905,Izaguirre,B,-7934,-74468
906,Izaguirre,B,-9691,-74939
907,Naranjal,B,-6617,-75005
908,Izaguirre,D,-5156,-79725
909,Naranjal,A,-9353,-72760
910,Izaguirre,Expreso6,-8123,-72632
911,Naranjal,SXN,-9121,-77028
912,Izaguirre,A,-5199,-77443
913,Naranjal,D,-8533,-70523
914,Naranjal,B,-7682,-75330
915,Naranjal,SXN,-6062,-75703
916,Izaguirre,A,-7992,-74325
917,Izaguirre,Expreso4,-8436,-70462
918,Naranjal,Expreso4,-8823,-79290
919,Izaguirre,D,-9909,-74177
920,Izaguirre,Expreso4,-7269,-76220
921,Izaguirre,Expreso6,-5400,-76563
922,Naranjal,Expreso5,-7781,-71424
923,Naranjal,SX,-9331,-75206
924,Naranjal,D,-8344,-74585
925,Izaguirre,D,-9183,-74155
926,Izaguirre,Expreso8,-7308,-78716
927,Izaguirre,B,-6013,-78981
928,Naranjal,Expreso2,-6272,-77635
929,Naranjal,D,-7939,-74645
930,Izaguirre,D,-6201,-74447
931,Izaguirre,D,-9731,-73764
932,Izaguirre,Expreso6,-6778,-77620
933,Izaguirre,A,-6443,-75802
934,Izaguirre,Expreso6,-5654,-78203
935,Naranjal,B,-5770,-75661
936,Naranjal,Expreso5,-6235,-72186
937,Izaguirre,B,-7660,-79749
938,Naranjal,SXN,-9395,-70274
939,Naranjal,SXN,-6898,-78357
940,Izaguirre,Expreso4,-5739,-76993
941,Naranjal,B,-5265,-79471
942,Izaguirre,A,-8295,-77186
943,Izaguirre,A,-6692,-79299
944,Izaguirre,D,-5499,-72916
945,Naranjal,Expreso3,-7895,-79381
946,Izaguirre,Expreso4,-8634,-71048
947,Izaguirre,Expreso4,-9168,-79361
948,Naranjal,SXN,-8957,-79279
949,Naranjal,D,-6031,-77768
950,Izaguirre,A,-9180,-78610
951,Izaguirre,D,-9736,-74156
952,Naranjal,B,-9007,-74101
953,Naranjal,B,-8237,-71908
954,Naranjal,Expreso3,-7943,-74678
955,Izaguirre,A,-5649,-72706
956,Izaguirre,B,-7377,-72251
957,Naranjal,SX,-8686,-78839
958,Naranjal,Expreso5,-7418,-78666
959,Naranjal,B,-7352,-77869
960,Izaguirre,Expreso8,-5189,-76922
961,Izaguirre,B,-7683,-71511
962,Naranjal,Expreso3,-5807,-72048
963,Naranjal,SX,-9389,-77019
964,Izaguirre,D,-7892,-71156
965,Naranjal,Expreso4,-9384,-74909
966,Izaguirre,Expreso8,-5281,-79971
967,Izaguirre,Expreso8,-7424,-76093
968,Izaguirre,A,-5436,-75825
969,Naranjal,Expreso3,-6376,-79587
970,Naranjal,A,-7628,-71896
971,Izaguirre,A,-6582,-75312
972,Naranjal,D,-9142,-74753
973,Naranjal,Expreso3,-8787,-74970
974,Naranjal,Expreso2,-8119,-70271
975,Naranjal,SXN,-5370,-72286
976,Izaguirre,A,-5592,-78797
977,Izaguirre,D,-8737,-78385
978,Izaguirre,B,-5959,-70427
979,Izaguirre,Expreso8,-6473,-70403
980,Izaguirre,B,-5568,-76831
981,Izaguirre,A,-7543,-71303
982,Izaguirre,B,-7798,-79565
983,Izaguirre,D,-7690,-70718
984,Izaguirre,Expreso4,-9380,-77030
985,Izaguirre,Expreso4,-9480,-74636
986,Izaguirre,Expreso4,-5563,-77991
987,Naranjal,Expreso2,-9276,-72588
988,Izaguirre,A,-6854,-76487
989,Naranjal,SXN,-5858,-76334
990,Naranjal,B,-5416,-70281
991,Izaguirre,A,-8799,-79301
992,Naranjal,B,-8242,-73585
993,Izaguirre,Expreso6,-6858,-75465
994,Naranjal,B,-6315,-73153
995,Izaguirre,Expreso6,-5945,-78927
996,Izaguirre,B,-5019,-73153
997,Naranjal,A,-8728,-75607
998,Izaguirre,B,-6736,-70928
999,Naranjal,SX,-6292,-77186
1000,Izaguirre,Expreso6,-7308,-72594
1001,Izaguirre,Expreso4,-8943,-74363
1002,Izaguirre,Expreso4,-8167,-72292
1003,Naranjal,Expreso5,-8142,-75586
1004,Izaguirre,B,-7059,-79527
1005,Izaguirre,A,-6441,-71663
1006,Izaguirre,Expreso6,-5910,-75431
1007,Izaguirre,A,-7625,-79687
1008,Naranjal,A,-8493,-73600
1009,Izaguirre,Expreso4,-8636,-77963
1010,Izaguirre,A,-8573,-79872
1011,Izaguirre,Expreso4,-9233,-77784
1012,Naranjal,Expreso4,-9676,-70570
1013,Izaguirre,D,-7371,-74326
1014,Izaguirre,D,-6769,-78143
1015,Naranjal,SX,-9729,-77689
1016,Naranjal,Expreso2,-9404,-72513
1017,Naranjal,Expreso2,-9142,-70425
1018,Naranjal,SXN,-5137,-76815
1019,Naranjal,Expreso4,-7860,-72845
1020,Naranjal,Expreso2,-8827,-73634
1021,Naranjal,SX,-6880,-72931
1022,Izaguirre,Expreso8,-8788,-73381
1023,Izaguirre,B,-7558,-71417
1024,Izaguirre,Expreso4,-8366,-70786
1025,Izaguirre,D,-6927,-72712
1026,Izaguirre,Expreso6,-5524,-73478
1027,Naranjal,A,-9527,-77766
1028,Naranjal,SXN,-5201,-77606
1029,Naranjal,A,-8200,-71397
1030,Izaguirre,Expreso8,-9838,-75782
1031,Izaguirre,Expreso6,-7366,-71059
1032,Naranjal,A,-5031,-79193
1033,Izaguirre,A,-8455,-74801
1034,Naranjal,Expreso2,-6955,-74222
1035,Naranjal,B,-5193,-77013
1036,Naranjal,B,-7769,-77759
1037,Naranjal,D,-7617,-70373
1038,Naranjal,Expreso4,-9530,-70965
1039,Izaguirre,B,-8045,-77675
1040,Izaguirre,Expreso6,-6336,-75792
1041,Izaguirre,A,-9251,-73585
1042,Naranjal,Expreso4,-8211,-71168
1043,Izaguirre,Expreso4,-6534,-74275
1044,Naranjal,Expreso4,-5339,-74865
1045,Izaguirre,Expreso6,-9403,-76082
1046,Naranjal,Expreso4,-9668,-77918
1047,Izaguirre,A,-9372,-79025
1048,Izaguirre,Expreso6,-5696,-75145
1049,Izaguirre,D,-7168,-76544
1050,Naranjal,B,-6945,-78311
1051,Izaguirre,Expreso4,-9273,-70179
1052,Izaguirre,Expreso4,-9137,-70203
1053,Naranjal,SXN,-6135,-71405
1054,Izaguirre,Expreso8,-6115,-70783
1055,Izaguirre,Expreso6,-9184,-74414
1056,Naranjal,SXN,-7667,-78908
1057,Naranjal,Expreso4,-6048,-79986
1058,Naranjal,Expreso5,-7121,-71268
1059,Naranjal,Expreso5,-8604,-73113
1060,Izaguirre,A,-9693,-74576
1061,Izaguirre,Expreso8,-8744,-77619
1062,Naranjal,Expreso5,-5210,-75494
1063,Naranjal,B,-8672,-76673
1064,Izaguirre,A,-9083,-70005
1065,Naranjal,Expreso4,-7720,-77388
1066,Izaguirre,A,-5589,-79077
1067,Naranjal,D,-5801,-74549
1068,Naranjal,A,-9199,-79272
1069,Izaguirre,Expreso4,-8643,-79535
1070,Naranjal,SXN,-9712,-74546
1071,Naranjal,D,-9268,-73980
1072,Izaguirre,Expreso8,-5161,-70630
1073,Izaguirre,B,-9842,-70739
1074,Izaguirre,Expreso4,-6585,-73659
1075,Izaguirre,A,-7248,-74208
1076,Izaguirre,B,-8274,-78545
1077,Izaguirre,Expreso6,-7073,-79293
1078,Naranjal,SXN,-9189,-73644
1079,Naranjal,SX,-7939,-78783
1080,Naranjal,Expreso5,-7441,-72666
1081,Naranjal,Expreso4,-7080,-76765
1082,Izaguirre,B,-6076,-79887
1083,Izaguirre,A,-6443,-78954
1084,Izaguirre,Expreso6,-5849,-79872
1085,Izaguirre,Expreso4,-8242,-71240
1086,Izaguirre,Expreso6,-7345,-73193
1087,Izaguirre,Expreso6,-5435,-70028
1088,Izaguirre,Expreso8,-6653,-77221
1089,Izaguirre,Expreso8,-7277,-70082
1090,Naranjal,Expreso2,-7480,-75981
1091,Naranjal,SXN,-9789,-70374
1092,Izaguirre,B,-6765,-73838
1093,Naranjal,Expreso2,-7173,-73973
1094,Naranjal,Expreso4,-7835,-71790
1095,Izaguirre,Expreso8,-8157,-75363
1096,Naranjal,B,-5557,-75158
1097,Izaguirre,B,-7639,-75431
1098,Izaguirre,B,-5002,-74165
1099,Izaguirre,D,-7836,-73289
1100,Naranjal,Expreso2,-8235,-72900
1101,Izaguirre,Expreso4,-7522,-78203
1102,Izaguirre,Expreso6,-8659,-73534
1103,Naranjal,SX,-7408,-75454
1104,Naranjal,Expreso4,-8268,-72955
1105,Izaguirre,D,-8505,-72877
1106,Naranjal,Expreso4,-9923,-73788
1107,Naranjal,A,-7319,-77428
1108,Naranjal,B,-8589,-78238
1109,Izaguirre,Expreso6,-6414,-71655
1110,Izaguirre,Expreso8,-6365,-77266
1111,Izaguirre,B,-5201,-74568
1112,Izaguirre,Expreso4,-8333,-79602
1113,Naranjal,A,-5832,-78027
1114,Naranjal,Expreso2,-7752,-75573
1115,Naranjal,Expreso5,-5165,-76315
1116,Izaguirre,Expreso4,-6373,-79220
1117,Naranjal,Expreso4,-7451,-79233
1118,Naranjal,Expreso4,-5181,-70575
1119,Izaguirre,A,-6426,-73363
1120,Naranjal,Expreso4,-5535,-70730
1121,Naranjal,Expreso5,-8001,-77551
1122,Izaguirre,Expreso8,-6126,-77075
1123,Naranjal,Expreso5,-6097,-78208
1124,Izaguirre,Expreso8,-7609,-70128
1125,Naranjal,SX,-5333,-77799
1126,Izaguirre,Expreso4,-9031,-77305
1127,Izaguirre,B,-7091,-75908
1128,Izaguirre,A,-6253,-73000
1129,Izaguirre,B,-6337,-72495
1130,Izaguirre,B,-5195,-72386
1131,Naranjal,Expreso3,-9718,-73562
1132,Naranjal,SX,-9052,-74494
1133,Naranjal,SX,-9999,-78219
1134,Naranjal,Expreso4,-6575,-74049
1135,Izaguirre,D,-5916,-75912
1136,Naranjal,Expreso4,-5978,-73230
1137,Izaguirre,A,-5186,-79168
1138,Izaguirre,D,-8011,-71551
1139,Izaguirre,D,-9535,-70190
1140,Izaguirre,Expreso4,-5500,-78593
1141,Izaguirre,Expreso8,-5822,-71640
1142,Izaguirre,Expreso4,-5035,-76817
1143,Naranjal,A,-8280,-74590
1144,Izaguirre,A,-9090,-71802
1145,Izaguirre,Expreso8,-8140,-76850
1146,Izaguirre,Expreso6,-9096,-75948
1147,Izaguirre,Expreso8,-8958,-70057
1148,Izaguirre,Expreso8,-9777,-73487
1149,Naranjal,Expreso5,-8755,-79010
1150,Naranjal,Expreso5,-5052,-75453
1151,Izaguirre,B,-6902,-71484
1152,Naranjal,Expreso5,-5002,-73963
1153,Izaguirre,Expreso8,-7686,-77172
1154,Izaguirre,B,-8685,-79975
1155,Izaguirre,B,-7513,-76441
1156,Naranjal,SX,-8573,-74375
1157,Izaguirre,Expreso4,-7139,-70792
1158,Naranjal,B,-7026,-79797
1159,Naranjal,Expreso5,-9715,-71925
1160,Naranjal,A,-7037,-76379
1161,Izaguirre,D,-7420,-71269
1162,Naranjal,Expreso2,-8967,-72607
1163,Naranjal,SXN,-6727,-78465
1164,Izaguirre,A,-5428,-73309
1165,Naranjal,D,-7337,-72920
1166,Naranjal,SXN,-9069,-73881
1167,Izaguirre,Expreso4,-5105,-70166
1168,Izaguirre,B,-5198,-77510
1169,Naranjal,Expreso5,-6055,-76874
1170,Izaguirre,Expreso4,-5482,-78013
1171,Naranjal,Expreso5,-6469,-75970
1172,Naranjal,B,-5319,-77903
1173,Naranjal,SXN,-6491,-79004
1174,Izaguirre,A,-5266,-78278
1175,Izaguirre,B,-6902,-76257
1176,Naranjal,Expreso3,-6000,-74803
1177,Izaguirre,Expreso8,-9327,-76663
1178,Izaguirre,Expreso4,-7452,-73406
1179,Naranjal,SX,-5151,-75250
1180,Naranjal,D,-7084,-77434
1181,Izaguirre,D,-7200,-77994
1182,Izaguirre,Expreso6,-7509,-70151
1183,Naranjal,D,-5732,-77770
1184,Izaguirre,Expreso4,-7922,-78598
1185,Izaguirre,Expreso6,-9942,-76459
1186,Izaguirre,Expreso8,-6512,-70944
1187,Naranjal,A,-5105,-73235
1188,Izaguirre,A,-6331,-77843
1189,Izaguirre,Expreso6,-8765,-76888
1190,Izaguirre,D,-6174,-77444
1191,Naranjal,Expreso2,-7072,-79868
1192,Naranjal,D,-7006,-77703
1193,Izaguirre,D,-6096,-71966
1194,Izaguirre,Expreso6,-6238,-78098
1195,Naranjal,A,-8719,-78222
1196,Naranjal,Expreso4,-6861,-77025
1197,Izaguirre,Expreso4,-8273,-74831
1198,Izaguirre,D,-6253,-71586
1199,Izaguirre,B,-8239,-79161
1200,Naranjal,Expreso5,-6297,-75337
1201,Naranjal,SXN,-6576,-76635
1202,Izaguirre,A,-9034,-74562
1203,Naranjal,B,-9150,-79979
1204,Naranjal,Expreso5,-7634,-71398
1205,Naranjal,Expreso3,-6218,-74337
1206,Naranjal,Expreso5,-7699,-76529
1207,Izaguirre,B,-7027,-70313
1208,Izaguirre,Expreso8,-5168,-78613
1209,Naranjal,SXN,-9037,-77267
1210,Izaguirre,A,-6484,-76432
1211,Izaguirre,Expreso4,-6758,-75298
1212,Naranjal,Expreso4,-5857,-70184
1213,Naranjal,B,-7604,-76189
1214,Naranjal,B,-8554,-71082
1215,Naranjal,Expreso5,-9825,-78985
1216,Naranjal,Expreso5,-9184,-77986
1217,Izaguirre,Expreso6,-5774,-73047
1218,Naranjal,D,-7901,-71302
1219,Izaguirre,Expreso6,-7955,-72449
1220,Izaguirre,A,-8648,-74533
1221,Izaguirre,A,-9945,-77211
1222,Naranjal,D,-5509,-75595
1223,Izaguirre,D,-5614,-72312
1224,Naranjal,Expreso5,-5419,-75466
1225,Naranjal,Expreso2,-9543,-77997
1226,Naranjal,SX,-7860,-72706
1227,Izaguirre,Expreso6,-6719,-75261
1228,Naranjal,Expreso4,-6255,-74537
1229,Izaguirre,B,-9547,-77259
1230,Naranjal,Expreso2,-6542,-78387
1231,Naranjal,Expreso5,-7593,-72097
1232,Naranjal,D,-9502,-73559
1233,Naranjal,SXN,-5116,-79688
1234,Izaguirre,A,-9974,-74605
1235,Naranjal,Expreso4,-8282,-72584
1236,Naranjal,D,-5284,-78960
1237,Izaguirre,Expreso4,-9305,-70042
1238,Naranjal,SXN,-6793,-72341
1239,Izaguirre,A,-8920,-79752
1240,Izaguirre,Expreso4,-5904,-77964
1241,Izaguirre,Expreso6,-5080,-76432
1242,Naranjal,Expreso4,-7942,-70402
1243,Naranjal,Expreso4,-6961,-74582
1244,Izaguirre,Expreso6,-5102,-77462
1245,Naranjal,Expreso4,-5395,-73148
1246,Izaguirre,B,-6498,-74770
1247,Naranjal,A,-8898,-70248
1248,Naranjal,Expreso5,-6151,-79785
1249,Naranjal,Expreso3,-5818,-72277
1250,Naranjal,Expreso3,-6462,-76140
1251,Izaguirre,Expreso8,-9448,-74130
1252,Izaguirre,Expreso8,-5998,-77858
1253,Izaguirre,D,-5262,-73139
1254,Naranjal,Expreso3,-7530,-73305
1255,Naranjal,A,-5071,-75957
1256,Naranjal,D,-9524,-72332
1257,Naranjal,SX,-6679,-75050
1258,Izaguirre,D,-9928,-79122
1259,Izaguirre,D,-8775,-71112
1260,Naranjal,Expreso4,-8251,-79723
1261,Izaguirre,D,-7760,-78284
1262,Izaguirre,Expreso6,-6421,-78334
1263,Naranjal,Expreso2,-5917,-79178
1264,Naranjal,SXN,-8721,-75258
1265,Naranjal,Expreso4,-5710,-79610
1266,Naranjal,B,-5259,-71670
1267,Naranjal,D,-7508,-70096
1268,Naranjal,Expreso3,-9662,-77563
1269,Izaguirre,D,-9425,-70854
1270,Naranjal,A,-8115,-70625
1271,Izaguirre,B,-9730,-70055
1272,Izaguirre,Expreso6,-7519,-77620
1273,Izaguirre,B,-5038,-76076
1274,Naranjal,Expreso5,-9881,-76266
1275,Naranjal,SXN,-8053,-78677
1276,Naranjal,B,-5570,-71156
1277,Naranjal,SXN,-6936,-75893
1278,Izaguirre,Expreso4,-9103,-77265
1279,Naranjal,A,-6017,-70464
1280,Izaguirre,B,-8204,-74076
1281,Izaguirre,Expreso6,-9515,-77198
1282,Izaguirre,D,-5047,-71532
1283,Izaguirre,A,-7527,-72921
1284,Naranjal,SX,-8101,-71192
1285,Izaguirre,B,-9918,-75791
1286,Izaguirre,B,-8892,-78907
1287,Izaguirre,D,-5444,-73111
1288,Naranjal,A,-6373,-77384
1289,Naranjal,Expreso3,-5142,-76734
1290,Naranjal,Expreso2,-5520,-70594
1291,Izaguirre,Expreso6,-5387,-79624
1292,Naranjal,Expreso2,-8017,-75173
1293,Izaguirre,Expreso4,-8626,-72315
1294,Izaguirre,Expreso4,-8304,-71091
1295,Naranjal,Expreso4,-9998,-77662
1296,Izaguirre,Expreso8,-7337,-74369
1297,Izaguirre,D,-8406,-79943
1298,Naranjal,D,-9742,-79383
1299,Izaguirre,B,-9080,-75529
1300,Naranjal,A,-5913,-79465
1301,Izaguirre,A,-7761,-72979
1302,Naranjal,Expreso3,-8774,-77672
1303,Naranjal,B,-5895,-74618
1304,Naranjal,Expreso5,-9760,-77850
1305,Izaguirre,B,-9735,-76618
1306,Izaguirre,A,-9310,-71694
1307,Izaguirre,A,-6264,-71738
1308,Naranjal,B,-7623,-71499
1309,Izaguirre,Expreso4,-5030,-71281
1310,Izaguirre,Expreso4,-5373,-79262
1311,Naranjal,SXN,-6180,-77228
1312,Naranjal,Expreso4,-8476,-79755
1313,Naranjal,B,-9690,-73929
1314,Naranjal,Expreso4,-7964,-70101
1315,Izaguirre,B,-7955,-71493
1316,Izaguirre,D,-6368,-70370
1317,Izaguirre,Expreso8,-7518,-77072
1318,Naranjal,Expreso4,-7318,-71949
1319,Izaguirre,A,-7024,-79785
1320,Izaguirre,Expreso8,-6456,-74864
1321,Izaguirre,D,-5542,-74876
1322,Izaguirre,B,-8643,-75931
1323,Izaguirre,Expreso4,-9367,-71238
1324,Naranjal,Expreso5,-7076,-74091
1325,Naranjal,Expreso3,-8451,-77064
1326,Naranjal,Expreso2,-7338,-71834
1327,Izaguirre,Expreso6,-7715,-76677
1328,Izaguirre,D,-5462,-74637
1329,Izaguirre,Expreso8,-7186,-79413
1330,Naranjal,Expreso4,-8617,-77159
1331,Izaguirre,Expreso8,-8454,-71801
1332,Izaguirre,Expreso4,-5108,-72673
1333,Naranjal,Expreso2,-8918,-74212
1334,Izaguirre,Expreso8,-6062,-78527
1335,Izaguirre,Expreso4,-7303,-72839
1336,Izaguirre,B,-8930,-73708
1337,Izaguirre,D,-7496,-77710
1338,Naranjal,D,-6331,-72240
1339,Izaguirre,Expreso4,-7848,-78950
1340,Izaguirre,Expreso4,-7288,-79683
1341,Izaguirre,Expreso8,-8158,-79244
1342,Izaguirre,B,-5667,-70792
1343,Izaguirre,Expreso8,-7041,-71113
1344,Izaguirre,B,-7243,-74985
1345,Izaguirre,A,-6014,-76526
1346,Izaguirre,B,-8360,-75401
1347,Naranjal,D,-5116,-71816
1348,Izaguirre,A,-9111,-77053
1349,Izaguirre,B,-5755,-78398
1350,Izaguirre,Expreso4,-7161,-75128
1351,Naranjal,Expreso2,-6543,-73476
1352,Izaguirre,B,-8729,-76779
1353,Izaguirre,A,-5934,-71600
1354,Naranjal,Expreso4,-7694,-71115
1355,Izaguirre,A,-8728,-72526
1356,Izaguirre,B,-9422,-70842
1357,Izaguirre,Expreso6,-5167,-71827
1358,Naranjal,SXN,-9446,-73017
1359,Naranjal,Expreso4,-5306,-75397
1360,Naranjal,B,-5796,-75671
1361,Izaguirre,Expreso4,-8387,-75680
1362,Naranjal,Expreso3,-6899,-70660
1363,Naranjal,B,-5557,-73958
1364,Izaguirre,Expreso6,-8527,-76369
1365,Izaguirre,A,-8136,-70221
1366,Izaguirre,D,-6025,-75231
1367,Izaguirre,D,-6532,-74216
1368,Izaguirre,A,-8067,-71957
1369,Naranjal,Expreso2,-9617,-74681
1370,Naranjal,SXN,-8667,-73799
1371,Naranjal,Expreso4,-6037,-77155
1372,Izaguirre,D,-7177,-72985
1373,Izaguirre,Expreso6,-5433,-74122
1374,Izaguirre,A,-6862,-77988
1375,Izaguirre,Expreso8,-5310,-77334
1376,Izaguirre,A,-6386,-70282
1377,Naranjal,A,-9448,-73983
1378,Izaguirre,Expreso6,-7952,-71566
1379,Izaguirre,Expreso6,-7502,-75519
1380,Izaguirre,A,-8762,-76288
1381,Naranjal,Expreso2,-9093,-70983
1382,Izaguirre,Expreso8,-7258,-76494
1383,Naranjal,A,-5173,-77499
1384,Izaguirre,Expreso4,-5035,-76040
1385,Naranjal,B,-9056,-70925
1386,Naranjal,Expreso3,-7336,-73689
1387,Naranjal,Expreso2,-8725,-75565
1388,Izaguirre,Expreso8,-7053,-73837
1389,Izaguirre,Expreso8,-9242,-76326
1390,Izaguirre,A,-5374,-72162
1391,Naranjal,D,-9311,-76539
1392,Naranjal,D,-6470,-75843
1393,Izaguirre,Expreso8,-7042,-78171
1394,Naranjal,D,-7911,-77999
1395,Izaguirre,B,-9652,-73910
1396,Izaguirre,B,-6130,-78861
1397,Naranjal,SX,-8169,-73688
1398,Izaguirre,A,-6236,-75375
1399,Naranjal,Expreso2,-6883,-76167
1400,Izaguirre,Expreso8,-9043,-77516
1401,Izaguirre,A,-6714,-70552
1402,Naranjal,SXN,-6638,-72533
1403,Izaguirre,B,-8591,-71904
1404,Izaguirre,D,-8046,-76724
1405,Izaguirre,Expreso8,-6013,-73002
1406,Izaguirre,Expreso4,-6276,-79176
1407,Izaguirre,Expreso6,-6920,-78097
1408,Naranjal,B,-8377,-71422
1409,Izaguirre,A,-9602,-70167
1410,Naranjal,Expreso5,-8871,-75201
1411,Izaguirre,Expreso8,-6415,-70500
1412,Izaguirre,Expreso6,-7511,-73960
1413,Izaguirre,Expreso8,-7389,-79346
1414,Izaguirre,Expreso6,-7689,-73607
1415,Izaguirre,B,-6936,-73286
1416,Naranjal,Expreso5,-6652,-76376
1417,Izaguirre,Expreso6,-7194,-74960
1418,Naranjal,B,-9816,-78607
1419,Izaguirre,Expreso4,-5333,-73226
1420,Naranjal,SXN,-6331,-73457
1421,Izaguirre,Expreso6,-5508,-74340
1422,Naranjal,A,-6874,-78792
1423,Naranjal,Expreso2,-5619,-73034
1424,Izaguirre,B,-5199,-73171
1425,Naranjal,D,-8215,-74570
1426,Naranjal,Expreso3,-7734,-79600
1427,Izaguirre,D,-9199,-77783
1428,Izaguirre,Expreso8,-8665,-78578
1429,Naranjal,Expreso4,-9635,-72322
1430,Izaguirre,D,-7555,-79233
1431,Naranjal,A,-6851,-73935
1432,Izaguirre,D,-5078,-78996
1433,Izaguirre,B,-8494,-74321
1434,Izaguirre,B,-7088,-70895
1435,Naranjal,Expreso5,-5334,-75922
1436,Naranjal,SX,-7469,-71074
1437,Izaguirre,D,-5746,-71907
1438,Naranjal,SX,-9337,-73027
1439,Izaguirre,D,-7897,-76973
1440,Naranjal,A,-5121,-76103
1441,Naranjal,SXN,-6512,-71398
1442,Izaguirre,B,-8261,-70273
1443,Izaguirre,Expreso8,-8598,-76379
1444,Izaguirre,Expreso8,-8085,-78262
1445,Izaguirre,Expreso4,-7580,-70951
1446,Naranjal,SXN,-9280,-73874
1447,Izaguirre,Expreso8,-8201,-77913
1448,Naranjal,D,-7024,-75275
1449,Izaguirre,A,-8931,-70331
1450,Izaguirre,A,-7065,-79306
1451,Naranjal,B,-5931,-79292
1452,Izaguirre,Expreso6,-6460,-79354
1453,Izaguirre,D,-6481,-73380
1454,Naranjal,Expreso2,-8200,-71437
1455,Naranjal,SXN,-6288,-77794
1456,Izaguirre,Expreso4,-7548,-73932
1457,Izaguirre,Expreso8,-5368,-72587
1458,Izaguirre,A,-5884,-78773
1459,Naranjal,Expreso3,-6831,-75096
1460,Izaguirre,Expreso4,-6709,-79261
1461,Naranjal,Expreso2,-8527,-70181
1462,Izaguirre,A,-8943,-71431
1463,Naranjal,Expreso4,-8548,-76432
1464,Izaguirre,B,-7042,-73052
1465,Naranjal,D,-7393,-70519
1466,Izaguirre,Expreso6,-6075,-72901
1467,Izaguirre,Expreso4,-7063,-77953
1468,Naranjal,SXN,-7798,-77206
1469,Izaguirre,Expreso6,-9005,-70135
1470,Naranjal,B,-7996,-75727
1471,Naranjal,Expreso5,-6588,-70520
1472,Naranjal,SXN,-5439,-70458
1473,Naranjal,SX,-7631,-77410
1474,Izaguirre,B,-8309,-72691
1475,Izaguirre,D,-9610,-78527
1476,Izaguirre,A,-5073,-72635
1477,Izaguirre,B,-6103,-75913
1478,Naranjal,Expreso2,-6402,-78497
1479,Izaguirre,Expreso4,-8634,-79619
1480,Izaguirre,D,-6479,-76107
1481,Naranjal,Expreso3,-9998,-77240
1482,Naranjal,B,-9135,-72717
1483,Izaguirre,A,-7591,-76305
1484,Naranjal,D,-9093,-71037
1485,Naranjal,A,-8949,-72427
1486,Naranjal,SX,-8791,-75382
1487,Naranjal,Expreso3,-9148,-71663
1488,Naranjal,SXN,-7204,-70279
1489,Naranjal,SXN,-7774,-76454
1490,Izaguirre,Expreso8,-9825,-78101
1491,Naranjal,Expreso2,-9640,-78333
1492,Izaguirre,Expreso6,-7672,-77972
1493,Izaguirre,A,-9626,-71771
1494,Izaguirre,Expreso6,-7484,-70597
1495,Naranjal,Expreso3,-9901,-73744
1496,Izaguirre,B,-8496,-77081
1497,Naranjal,Expreso4,-6643,-78426
1498,Naranjal,A,-7611,-70215
1499,Izaguirre,D,-8379,-76811
1500,Naranjal,A,-7660,-75706
